{
    "loss": 0.6562914848327637,
    "accuracy": 0.7607181072235107
}